[
  {"model": "cars.manufacturer", "pk": 1, "fields": {"name": "BMW"}},
  {"model": "cars.manufacturer", "pk": 2, "fields": {"name": "Mercedes-Benz"}},
  {"model": "cars.manufacturer", "pk": 3, "fields": {"name": "Audi"}},
  {"model": "cars.manufacturer", "pk": 4, "fields": {"name": "Porsche"}},
  {"model": "cars.manufacturer", "pk": 5, "fields": {"name": "Toyota"}},
  {"model": "cars.manufacturer", "pk": 6, "fields": {"name": "Volkswagen"}},
  {"model": "cars.manufacturer", "pk": 7, "fields": {"name": "Lexus"}},
  {"model": "cars.manufacturer", "pk": 8, "fields": {"name": "Ford"}},
  {"model": "cars.manufacturer", "pk": 9, "fields": {"name": "Subaru"}},
  {"model": "cars.manufacturer", "pk": 10, "fields": {"name": "Honda"}},

  {"model": "cars.model", "pk": 1, "fields": {"name": "M4", "manufacturer": 1}},
  {"model": "cars.model", "pk": 2, "fields": {"name": "M5", "manufacturer": 1}},
  {"model": "cars.model", "pk": 3, "fields": {"name": "AMG GT", "manufacturer": 2}},
  {"model": "cars.model", "pk": 4, "fields": {"name": "RS6", "manufacturer": 3}},
  {"model": "cars.model", "pk": 5, "fields": {"name": "911", "manufacturer": 4}},
  {"model": "cars.model", "pk": 6, "fields": {"name": "Panamera", "manufacturer": 4}},
  {"model": "cars.model", "pk": 7, "fields": {"name": "Land Cruiser 300", "manufacturer": 5}},
  {"model": "cars.model", "pk": 8, "fields": {"name": "M3", "manufacturer": 1}},
  {"model": "cars.model", "pk": 9, "fields": {"name": "G-Class", "manufacturer": 2}},
  {"model": "cars.model", "pk": 10, "fields": {"name": "Touareg", "manufacturer": 6}},
  {"model": "cars.model", "pk": 11, "fields": {"name": "RX", "manufacturer": 7}},
  {"model": "cars.model", "pk": 12, "fields": {"name": "Mustang", "manufacturer": 8}},
  {"model": "cars.model", "pk": 13, "fields": {"name": "WRX STI", "manufacturer": 9}},
  {"model": "cars.model", "pk": 14, "fields": {"name": "Civic Type R", "manufacturer": 10}},
  {"model": "cars.model", "pk": 15, "fields": {"name": "Q8", "manufacturer": 3}},

  {"model": "cars.generation", "pk": 1, "fields": {"name": "G82", "year_start": 2021, "year_end": null, "model": 1}},
  {"model": "cars.generation", "pk": 2, "fields": {"name": "F90", "year_start": 2018, "year_end": 2023, "model": 2}},
  {"model": "cars.generation", "pk": 3, "fields": {"name": "X290", "year_start": 2018, "year_end": null, "model": 3}},
  {"model": "cars.generation", "pk": 4, "fields": {"name": "C8", "year_start": 2020, "year_end": null, "model": 4}},
  {"model": "cars.generation", "pk": 5, "fields": {"name": "992", "year_start": 2019, "year_end": null, "model": 5}},
  {"model": "cars.generation", "pk": 6, "fields": {"name": "971", "year_start": 2017, "year_end": null, "model": 6}},
  {"model": "cars.generation", "pk": 7, "fields": {"name": "J300", "year_start": 2021, "year_end": null, "model": 7}},
  {"model": "cars.generation", "pk": 8, "fields": {"name": "G80", "year_start": 2021, "year_end": null, "model": 8}},
  {"model": "cars.generation", "pk": 9, "fields": {"name": "W463", "year_start": 2018, "year_end": null, "model": 9}},
  {"model": "cars.generation", "pk": 10, "fields": {"name": "CR", "year_start": 2018, "year_end": null, "model": 10}},
  {"model": "cars.generation", "pk": 11, "fields": {"name": "AL20", "year_start": 2016, "year_end": 2022, "model": 11}},
  {"model": "cars.generation", "pk": 12, "fields": {"name": "S650", "year_start": 2024, "year_end": null, "model": 12}},
  {"model": "cars.generation", "pk": 13, "fields": {"name": "VA", "year_start": 2014, "year_end": 2021, "model": 13}},
  {"model": "cars.generation", "pk": 14, "fields": {"name": "FL5", "year_start": 2023, "year_end": null, "model": 14}},
  {"model": "cars.generation", "pk": 15, "fields": {"name": "4M", "year_start": 2018, "year_end": null, "model": 15}},

  {"model": "cars.car", "pk": 1, "fields": {"model": 1, "generation": 1, "body_type": "Coupe", "color": "Green", "vin": "WBS10000000000001", "owner_count": 1, "seller": 1, "price": "92000.00", "mileage": 14000, "year": 2023, "description": "BMW M4 G82. Офіціал, вся історія. Морда в бронеплівці.", "location": "Львів", "is_active": true, "created_at": "2024-03-01T10:00:00Z"}},
  {"model": "cars.car", "pk": 2, "fields": {"model": 1, "generation": 1, "body_type": "Coupe", "color": "Black", "vin": "WBS10000000000002", "owner_count": 2, "seller": 1, "price": "85000.00", "mileage": 31000, "year": 2021, "description": "Стан нового авто, карбонові ковші.", "location": "Київ", "is_active": true, "created_at": "2024-03-02T10:00:00Z"}},
  {"model": "cars.car", "pk": 3, "fields": {"model": 1, "generation": 1, "body_type": "Coupe", "color": "Grey", "vin": "WBS10000000000003", "owner_count": 1, "seller": 1, "price": "89000.00", "mileage": 22000, "year": 2022, "description": "Brooklyn Grey. Авто емоція, тільки після ТО.", "location": "Львів", "is_active": true, "created_at": "2024-03-03T10:00:00Z"}},
  {"model": "cars.car", "pk": 4, "fields": {"model": 1, "generation": 1, "body_type": "Coupe", "color": "White", "vin": "WBS10000000000004", "owner_count": 1, "seller": 1, "price": "88000.00", "mileage": 18000, "year": 2022, "description": "Сток, жодних стейджів. Гаражне зберігання.", "location": "Одеса", "is_active": true, "created_at": "2024-03-04T10:00:00Z"}},
  {"model": "cars.car", "pk": 5, "fields": {"model": 1, "generation": 1, "body_type": "Coupe", "color": "Yellow", "vin": "WBS10000000000005", "owner_count": 2, "seller": 1, "price": "81000.00", "mileage": 45000, "year": 2021, "description": "Sao Paulo Yellow. Максимальна комплектація.", "location": "Дніпро", "is_active": true, "created_at": "2024-03-05T10:00:00Z"}},
  {"model": "cars.car", "pk": 6, "fields": {"model": 1, "generation": 1, "body_type": "Coupe", "color": "Blue", "vin": "WBS10000000000006", "owner_count": 1, "seller": 1, "price": "95000.00", "mileage": 8000, "year": 2023, "description": "Майже без пробігу. На гарантії.", "location": "Львів", "is_active": true, "created_at": "2024-03-06T10:00:00Z"}},
  {"model": "cars.car", "pk": 7, "fields": {"model": 1, "generation": 1, "body_type": "Coupe", "color": "Black", "vin": "WBS10000000000007", "owner_count": 1, "seller": 1, "price": "87500.00", "mileage": 25000, "year": 2022, "description": "Night пакет. Чорна на чорному.", "location": "Київ", "is_active": true, "created_at": "2024-03-07T10:00:00Z"}},
  {"model": "cars.car", "pk": 8, "fields": {"model": 1, "generation": 1, "body_type": "Coupe", "color": "Red", "vin": "WBS10000000000008", "owner_count": 3, "seller": 1, "price": "79000.00", "mileage": 52000, "year": 2021, "description": "Toronto Red. Є вся історія обслуговування.", "location": "Львів", "is_active": true, "created_at": "2024-03-08T10:00:00Z"}},
  {"model": "cars.car", "pk": 9, "fields": {"model": 1, "generation": 1, "body_type": "Coupe", "color": "Grey", "vin": "WBS10000000000009", "owner_count": 1, "seller": 1, "price": "91000.00", "mileage": 16000, "year": 2023, "description": "Куплена на АВТ Баварія. Кераміка.", "location": "Київ", "is_active": true, "created_at": "2024-03-09T10:00:00Z"}},
  {"model": "cars.car", "pk": 10, "fields": {"model": 1, "generation": 1, "body_type": "Coupe", "color": "Green", "vin": "WBS10000000000010", "owner_count": 1, "seller": 1, "price": "94000.00", "mileage": 11000, "year": 2023, "description": "Машина вихідного дня. Жодних ДТП.", "location": "Одеса", "is_active": true, "created_at": "2024-03-10T10:00:00Z"}},
  {"model": "cars.car", "pk": 11, "fields": {"model": 1, "generation": 1, "body_type": "Coupe", "color": "Black", "vin": "WBS10000000000011", "owner_count": 2, "seller": 1, "price": "83000.00", "mileage": 38000, "year": 2021, "description": "Повне КАСКО. Торг біля капоту.", "location": "Дніпро", "is_active": true, "created_at": "2024-03-11T10:00:00Z"}},
  {"model": "cars.car", "pk": 12, "fields": {"model": 1, "generation": 1, "body_type": "Coupe", "color": "White", "vin": "WBS10000000000012", "owner_count": 1, "seller": 1, "price": "89500.00", "mileage": 19000, "year": 2022, "description": "Обслужена від і до. Перекупи повз.", "location": "Львів", "is_active": true, "created_at": "2024-03-12T10:00:00Z"}},
  {"model": "cars.car", "pk": 13, "fields": {"model": 2, "generation": 2, "body_type": "Sedan", "color": "Blue", "vin": "WBS10000000000013", "owner_count": 2, "seller": 1, "price": "79000.00", "mileage": 55000, "year": 2020, "description": "BMW M5 F90. Вся сервісна історія на Баварії.", "location": "Київ", "is_active": true, "created_at": "2024-03-13T10:00:00Z"}},
  {"model": "cars.car", "pk": 14, "fields": {"model": 2, "generation": 2, "body_type": "Sedan", "color": "Black", "vin": "WBS10000000000014", "owner_count": 1, "seller": 1, "price": "95000.00", "mileage": 28000, "year": 2022, "description": "M5 Competition LCI. Карбоно-керамічні гальма.", "location": "Львів", "is_active": true, "created_at": "2024-03-14T10:00:00Z"}},
  {"model": "cars.car", "pk": 15, "fields": {"model": 2, "generation": 2, "body_type": "Sedan", "color": "Grey", "vin": "WBS10000000000015", "owner_count": 3, "seller": 1, "price": "68000.00", "mileage": 89000, "year": 2018, "description": "Stage 1 (700+ сил). Вихлоп стріляє.", "location": "Одеса", "is_active": true, "created_at": "2024-03-15T10:00:00Z"}},
  {"model": "cars.car", "pk": 16, "fields": {"model": 2, "generation": 2, "body_type": "Sedan", "color": "White", "vin": "WBS10000000000016", "owner_count": 1, "seller": 1, "price": "88000.00", "mileage": 42000, "year": 2021, "description": "Один власник з салону. Салон Individual.", "location": "Львів", "is_active": true, "created_at": "2024-03-16T10:00:00Z"}},
  {"model": "cars.car", "pk": 17, "fields": {"model": 2, "generation": 2, "body_type": "Sedan", "color": "Red", "vin": "WBS10000000000017", "owner_count": 1, "seller": 1, "price": "105000.00", "mileage": 15000, "year": 2023, "description": "Майже новий M5. Bowers & Wilkins, масажі.", "location": "Київ", "is_active": true, "created_at": "2024-03-17T10:00:00Z"}},
  {"model": "cars.car", "pk": 18, "fields": {"model": 2, "generation": 2, "body_type": "Sedan", "color": "Black", "vin": "WBS10000000000018", "owner_count": 2, "seller": 1, "price": "75000.00", "mileage": 62000, "year": 2019, "description": "Без ДТП, купувалась в офіційного дилера.", "location": "Дніпро", "is_active": true, "created_at": "2024-03-18T10:00:00Z"}},
  {"model": "cars.car", "pk": 19, "fields": {"model": 2, "generation": 2, "body_type": "Sedan", "color": "Blue", "vin": "WBS10000000000019", "owner_count": 4, "seller": 1, "price": "62000.00", "mileage": 115000, "year": 2018, "description": "США, пошкодження були мінімальні. Геометрія ціла.", "location": "Львів", "is_active": true, "created_at": "2024-03-19T10:00:00Z"}},
  {"model": "cars.car", "pk": 20, "fields": {"model": 2, "generation": 2, "body_type": "Sedan", "color": "Grey", "vin": "WBS10000000000020", "owner_count": 1, "seller": 1, "price": "92000.00", "mileage": 33000, "year": 2021, "description": "Кузов покритий керамікою. Зберігається в паркінгу.", "location": "Київ", "is_active": true, "created_at": "2024-03-20T10:00:00Z"}},
  {"model": "cars.car", "pk": 21, "fields": {"model": 2, "generation": 2, "body_type": "Sedan", "color": "Black", "vin": "WBS10000000000021", "owner_count": 2, "seller": 1, "price": "81000.00", "mileage": 48000, "year": 2020, "description": "Competition. Вихлоп M Performance.", "location": "Одеса", "is_active": true, "created_at": "2024-03-21T10:00:00Z"}},
  {"model": "cars.car", "pk": 22, "fields": {"model": 2, "generation": 2, "body_type": "Sedan", "color": "Red", "vin": "WBS10000000000022", "owner_count": 1, "seller": 1, "price": "98000.00", "mileage": 21000, "year": 2022, "description": "Колір Individual. Можлива оплата в USDT.", "location": "Львів", "is_active": true, "created_at": "2024-03-22T10:00:00Z"}},
  {"model": "cars.car", "pk": 23, "fields": {"model": 2, "generation": 2, "body_type": "Sedan", "color": "White", "vin": "WBS10000000000023", "owner_count": 2, "seller": 1, "price": "83000.00", "mileage": 41000, "year": 2020, "description": "Пройдено велике ТО. Автомобіль без вкладень.", "location": "Київ", "is_active": true, "created_at": "2024-03-23T10:00:00Z"}},
  {"model": "cars.car", "pk": 24, "fields": {"model": 2, "generation": 2, "body_type": "Sedan", "color": "Grey", "vin": "WBS10000000000024", "owner_count": 1, "seller": 1, "price": "91000.00", "mileage": 25000, "year": 2021, "description": "Стильний сірий колір. Зимова гума в комплекті.", "location": "Львів", "is_active": true, "created_at": "2024-03-24T10:00:00Z"}},
  {"model": "cars.car", "pk": 25, "fields": {"model": 3, "generation": 3, "body_type": "Sedan", "color": "Grey", "vin": "WDD10000000000025", "owner_count": 1, "seller": 1, "price": "88500.00", "mileage": 38000, "year": 2021, "description": "Mercedes-AMG GT 43 4MATIC+. Матова заводська фарба.", "location": "Львів", "is_active": true, "created_at": "2024-03-25T10:00:00Z"}},
  {"model": "cars.car", "pk": 26, "fields": {"model": 3, "generation": 3, "body_type": "Sedan", "color": "Black", "vin": "WDD10000000000026", "owner_count": 2, "seller": 1, "price": "72000.00", "mileage": 65000, "year": 2019, "description": "Європа. Вся історія на офіціалі. Без підкрасів.", "location": "Київ", "is_active": true, "created_at": "2024-03-26T10:00:00Z"}},
  {"model": "cars.car", "pk": 27, "fields": {"model": 3, "generation": 3, "body_type": "Sedan", "color": "Blue", "vin": "WDD10000000000027", "owner_count": 1, "seller": 1, "price": "95000.00", "mileage": 18000, "year": 2022, "description": "Burmester, камери 360, дистронік. Гаражне зберігання.", "location": "Одеса", "is_active": true, "created_at": "2024-03-27T10:00:00Z"}},
  {"model": "cars.car", "pk": 28, "fields": {"model": 3, "generation": 3, "body_type": "Sedan", "color": "White", "vin": "WDD10000000000028", "owner_count": 3, "seller": 1, "price": "68000.00", "mileage": 82000, "year": 2019, "description": "Зроблено антихром, дах в чорній плівці.", "location": "Львів", "is_active": true, "created_at": "2024-03-28T10:00:00Z"}},
  {"model": "cars.car", "pk": 29, "fields": {"model": 3, "generation": 3, "body_type": "Sedan", "color": "Silver", "vin": "WDD10000000000029", "owner_count": 1, "seller": 1, "price": "105000.00", "mileage": 12000, "year": 2023, "description": "Запах нової машини. Multibeam LED.", "location": "Київ", "is_active": true, "created_at": "2024-03-29T10:00:00Z"}},
  {"model": "cars.car", "pk": 30, "fields": {"model": 3, "generation": 3, "body_type": "Sedan", "color": "Red", "vin": "WDD10000000000030", "owner_count": 2, "seller": 1, "price": "75000.00", "mileage": 54000, "year": 2020, "description": "Обслуговувалась виключно на Mercedes Юніком.", "location": "Дніпро", "is_active": true, "created_at": "2024-03-30T10:00:00Z"}},
  {"model": "cars.car", "pk": 31, "fields": {"model": 3, "generation": 3, "body_type": "Sedan", "color": "Grey", "vin": "WDD10000000000031", "owner_count": 1, "seller": 1, "price": "88000.00", "mileage": 29000, "year": 2021, "description": "Жодної фарбованої деталі. Топовий стан.", "location": "Львів", "is_active": true, "created_at": "2024-03-31T10:00:00Z"}},
  {"model": "cars.car", "pk": 32, "fields": {"model": 3, "generation": 3, "body_type": "Sedan", "color": "Black", "vin": "WDD10000000000032", "owner_count": 2, "seller": 1, "price": "79000.00", "mileage": 41000, "year": 2020, "description": "Night Package. Дуже агресивний вигляд.", "location": "Київ", "is_active": true, "created_at": "2024-04-01T10:00:00Z"}},
  {"model": "cars.car", "pk": 33, "fields": {"model": 3, "generation": 3, "body_type": "Sedan", "color": "Grey", "vin": "WDD10000000000033", "owner_count": 1, "seller": 1, "price": "92000.00", "mileage": 22000, "year": 2022, "description": "М'який гібрид. Дуже економна.", "location": "Одеса", "is_active": true, "created_at": "2024-04-02T10:00:00Z"}},
  {"model": "cars.car", "pk": 34, "fields": {"model": 3, "generation": 3, "body_type": "Sedan", "color": "White", "vin": "WDD10000000000034", "owner_count": 3, "seller": 1, "price": "69500.00", "mileage": 78000, "year": 2019, "description": "США, відновлена ідеально з оригінальних запчастин.", "location": "Львів", "is_active": true, "created_at": "2024-04-03T10:00:00Z"}},
  {"model": "cars.car", "pk": 35, "fields": {"model": 4, "generation": 4, "body_type": "Wagon", "color": "Grey", "vin": "WAU10000000000035", "owner_count": 1, "seller": 1, "price": "115000.00", "mileage": 29000, "year": 2022, "description": "Audi RS6 C8. Універсал, який обганяє суперкари.", "location": "Київ", "is_active": true, "created_at": "2024-04-04T10:00:00Z"}},
  {"model": "cars.car", "pk": 36, "fields": {"model": 4, "generation": 4, "body_type": "Wagon", "color": "Black", "vin": "WAU10000000000036", "owner_count": 2, "seller": 1, "price": "98000.00", "mileage": 48000, "year": 2021, "description": "Карбон-кераміка, музика B&O Advanced 3D.", "location": "Львів", "is_active": true, "created_at": "2024-04-05T10:00:00Z"}},
  {"model": "cars.car", "pk": 37, "fields": {"model": 4, "generation": 4, "body_type": "Wagon", "color": "Black", "vin": "WAU10000000000037", "owner_count": 1, "seller": 1, "price": "125000.00", "mileage": 12000, "year": 2023, "description": "RS6 Performance (630 к.с.). Стан нової.", "location": "Одеса", "is_active": true, "created_at": "2024-04-06T10:00:00Z"}},
  {"model": "cars.car", "pk": 38, "fields": {"model": 4, "generation": 4, "body_type": "Wagon", "color": "Red", "vin": "WAU10000000000038", "owner_count": 1, "seller": 1, "price": "108000.00", "mileage": 35000, "year": 2022, "description": "RS-динамічний пакет плюс. Зсунутий обмежувач.", "location": "Київ", "is_active": true, "created_at": "2024-04-07T10:00:00Z"}},
  {"model": "cars.car", "pk": 39, "fields": {"model": 4, "generation": 4, "body_type": "Wagon", "color": "White", "vin": "WAU10000000000039", "owner_count": 3, "seller": 1, "price": "89000.00", "mileage": 72000, "year": 2020, "description": "Stage 1, дуже швидка. Геометрія в ідеалі.", "location": "Львів", "is_active": true, "created_at": "2024-04-08T10:00:00Z"}},
  {"model": "cars.car", "pk": 40, "fields": {"model": 4, "generation": 4, "body_type": "Wagon", "color": "Grey", "vin": "WAU10000000000040", "owner_count": 1, "seller": 1, "price": "102000.00", "mileage": 41000, "year": 2021, "description": "Офіціал. Без ДТП, в прозорій матовій плівці.", "location": "Дніпро", "is_active": true, "created_at": "2024-04-09T10:00:00Z"}},
  {"model": "cars.car", "pk": 41, "fields": {"model": 4, "generation": 4, "body_type": "Wagon", "color": "Blue", "vin": "WAU10000000000041", "owner_count": 2, "seller": 1, "price": "95000.00", "mileage": 55000, "year": 2021, "description": "Салон Audi Exclusive. Доглянуте авто.", "location": "Львів", "is_active": true, "created_at": "2024-04-10T10:00:00Z"}},
  {"model": "cars.car", "pk": 42, "fields": {"model": 4, "generation": 4, "body_type": "Wagon", "color": "Silver", "vin": "WAU10000000000042", "owner_count": 1, "seller": 1, "price": "112000.00", "mileage": 22000, "year": 2022, "description": "Спортивний вихлоп RS. Панорамний дах.", "location": "Київ", "is_active": true, "created_at": "2024-04-11T10:00:00Z"}},
  {"model": "cars.car", "pk": 43, "fields": {"model": 4, "generation": 4, "body_type": "Wagon", "color": "Green", "vin": "WAU10000000000043", "owner_count": 1, "seller": 1, "price": "105000.00", "mileage": 33000, "year": 2021, "description": "Колір Sonoma Green. Виглядає дуже дорого.", "location": "Одеса", "is_active": true, "created_at": "2024-04-12T10:00:00Z"}},
  {"model": "cars.car", "pk": 44, "fields": {"model": 4, "generation": 4, "body_type": "Wagon", "color": "Black", "vin": "WAU10000000000044", "owner_count": 2, "seller": 1, "price": "91000.00", "mileage": 60000, "year": 2020, "description": "Чорний стайлінг пакет. Пройдено всі ТО.", "location": "Львів", "is_active": true, "created_at": "2024-04-13T10:00:00Z"}},
  {"model": "cars.car", "pk": 45, "fields": {"model": 5, "generation": 5, "body_type": "Coupe", "color": "Red", "vin": "WP010000000000045", "owner_count": 1, "seller": 1, "price": "145000.00", "mileage": 18000, "year": 2022, "description": "Porsche 911 Carrera 4S (992). Легенда. Пакет Sport Chrono.", "location": "Київ", "is_active": true, "created_at": "2024-04-14T10:00:00Z"}},
  {"model": "cars.car", "pk": 46, "fields": {"model": 5, "generation": 5, "body_type": "Coupe", "color": "Yellow", "vin": "WP010000000000046", "owner_count": 1, "seller": 1, "price": "165000.00", "mileage": 12000, "year": 2023, "description": "911 Turbo. Просто космос.", "location": "Львів", "is_active": true, "created_at": "2024-04-15T10:00:00Z"}},
  {"model": "cars.car", "pk": 47, "fields": {"model": 5, "generation": 5, "body_type": "Coupe", "color": "Grey", "vin": "WP010000000000047", "owner_count": 2, "seller": 1, "price": "135000.00", "mileage": 25000, "year": 2021, "description": "Колір Crayon. Спортивний вихлоп.", "location": "Одеса", "is_active": true, "created_at": "2024-04-16T10:00:00Z"}},
  {"model": "cars.car", "pk": 48, "fields": {"model": 5, "generation": 5, "body_type": "Coupe", "color": "Black", "vin": "WP010000000000048", "owner_count": 1, "seller": 1, "price": "155000.00", "mileage": 9000, "year": 2022, "description": "Майже без пробігу, авто вихідного дня.", "location": "Київ", "is_active": true, "created_at": "2024-04-17T10:00:00Z"}},
  {"model": "cars.car", "pk": 49, "fields": {"model": 5, "generation": 5, "body_type": "Coupe", "color": "White", "vin": "WP010000000000049", "owner_count": 3, "seller": 1, "price": "115000.00", "mileage": 45000, "year": 2020, "description": "Carrera S. Обслуговування на Порше Центр.", "location": "Львів", "is_active": true, "created_at": "2024-04-18T10:00:00Z"}},
  {"model": "cars.car", "pk": 50, "fields": {"model": 5, "generation": 5, "body_type": "Coupe", "color": "Blue", "vin": "WP010000000000050", "owner_count": 1, "seller": 1, "price": "142000.00", "mileage": 21000, "year": 2021, "description": "Повне КАСКО. Торг мінімальний.", "location": "Дніпро", "is_active": true, "created_at": "2024-04-19T10:00:00Z"}},
  {"model": "cars.car", "pk": 51, "fields": {"model": 5, "generation": 5, "body_type": "Coupe", "color": "Green", "vin": "WP010000000000051", "owner_count": 1, "seller": 1, "price": "185000.00", "mileage": 6000, "year": 2023, "description": "911 GT3. Трекова зброя, що має допуск на дороги.", "location": "Київ", "is_active": true, "created_at": "2024-04-20T10:00:00Z"}},
  {"model": "cars.car", "pk": 52, "fields": {"model": 5, "generation": 5, "body_type": "Coupe", "color": "Silver", "vin": "WP010000000000052", "owner_count": 2, "seller": 1, "price": "125000.00", "mileage": 38000, "year": 2019, "description": "Класичний срібний колір, червоний салон.", "location": "Львів", "is_active": true, "created_at": "2024-04-21T10:00:00Z"}},
  {"model": "cars.car", "pk": 53, "fields": {"model": 5, "generation": 5, "body_type": "Coupe", "color": "Black", "vin": "WP010000000000053", "owner_count": 1, "seller": 1, "price": "138000.00", "mileage": 27000, "year": 2021, "description": "Купувалась в офіціала. Ідеальний стан.", "location": "Одеса", "is_active": true, "created_at": "2024-04-22T10:00:00Z"}},
  {"model": "cars.car", "pk": 54, "fields": {"model": 5, "generation": 5, "body_type": "Coupe", "color": "Red", "vin": "WP010000000000054", "owner_count": 1, "seller": 1, "price": "148000.00", "mileage": 14000, "year": 2022, "description": "Безключовий доступ, Bose, всі асистенти.", "location": "Київ", "is_active": true, "created_at": "2024-04-23T10:00:00Z"}},
  {"model": "cars.car", "pk": 55, "fields": {"model": 6, "generation": 6, "body_type": "Sedan", "color": "Grey", "vin": "WP010000000000055", "owner_count": 1, "seller": 1, "price": "75000.00", "mileage": 48000, "year": 2019, "description": "Porsche Panamera 4S. Пневмопідвіска, перевірка на Порше Центр.", "location": "Львів", "is_active": true, "created_at": "2024-04-24T10:00:00Z"}},
  {"model": "cars.car", "pk": 56, "fields": {"model": 6, "generation": 6, "body_type": "Sedan", "color": "Black", "vin": "WP010000000000056", "owner_count": 2, "seller": 1, "price": "68000.00", "mileage": 75000, "year": 2018, "description": "Panamera 4 E-Hybrid. Розхід по місту приємно здивує.", "location": "Київ", "is_active": true, "created_at": "2024-04-25T10:00:00Z"}},
  {"model": "cars.car", "pk": 57, "fields": {"model": 6, "generation": 6, "body_type": "Sedan", "color": "Red", "vin": "WP010000000000057", "owner_count": 1, "seller": 1, "price": "95000.00", "mileage": 28000, "year": 2021, "description": "Panamera GTS. Неймовірний звук V8. Матричні фари.", "location": "Одеса", "is_active": true, "created_at": "2024-04-26T10:00:00Z"}},
  {"model": "cars.car", "pk": 58, "fields": {"model": 6, "generation": 6, "body_type": "Sedan", "color": "White", "vin": "WP010000000000058", "owner_count": 3, "seller": 1, "price": "59000.00", "mileage": 110000, "year": 2017, "description": "Базова Panamera. Офіціал, є сервісна книжка.", "location": "Львів", "is_active": true, "created_at": "2024-04-27T10:00:00Z"}},
  {"model": "cars.car", "pk": 59, "fields": {"model": 6, "generation": 6, "body_type": "Sedan", "color": "Blue", "vin": "WP010000000000059", "owner_count": 1, "seller": 1, "price": "115000.00", "mileage": 15000, "year": 2023, "description": "Panamera Turbo S. 630 к.с. Вся в антигравійній плівці.", "location": "Київ", "is_active": true, "created_at": "2024-04-28T10:00:00Z"}},
  {"model": "cars.car", "pk": 60, "fields": {"model": 6, "generation": 6, "body_type": "Sedan", "color": "Grey", "vin": "WP010000000000060", "owner_count": 1, "seller": 1, "price": "88000.00", "mileage": 35000, "year": 2020, "description": "Колір Crayon (Chalk). Виглядає дуже дорого. Панорама.", "location": "Львів", "is_active": true, "created_at": "2024-04-29T10:00:00Z"}},
  {"model": "cars.car", "pk": 61, "fields": {"model": 6, "generation": 6, "body_type": "Sedan", "color": "Brown", "vin": "WP010000000000061", "owner_count": 2, "seller": 1, "price": "65000.00", "mileage": 82000, "year": 2018, "description": "Гарна комплектація. Обдув/підігрів усіх сидінь.", "location": "Дніпро", "is_active": true, "created_at": "2024-04-30T10:00:00Z"}},
  {"model": "cars.car", "pk": 62, "fields": {"model": 6, "generation": 6, "body_type": "Wagon", "color": "Black", "vin": "WP010000000000062", "owner_count": 1, "seller": 1, "price": "92000.00", "mileage": 29000, "year": 2021, "description": "Panamera Sport Turismo 4S. Дуже практичний і красивий.", "location": "Київ", "is_active": true, "created_at": "2024-05-01T10:00:00Z"}},
  {"model": "cars.car", "pk": 63, "fields": {"model": 6, "generation": 6, "body_type": "Sedan", "color": "Silver", "vin": "WP010000000000063", "owner_count": 2, "seller": 1, "price": "62000.00", "mileage": 95000, "year": 2017, "description": "Купувалась в Україні. Продаж від власника.", "location": "Львів", "is_active": true, "created_at": "2024-05-02T10:00:00Z"}},
  {"model": "cars.car", "pk": 64, "fields": {"model": 6, "generation": 6, "body_type": "Sedan", "color": "Blue", "vin": "WP010000000000064", "owner_count": 1, "seller": 1, "price": "81000.00", "mileage": 45000, "year": 2020, "description": "Оригінальний пробіг. Перевірка на Порше Центр вітається.", "location": "Одеса", "is_active": true, "created_at": "2024-05-03T10:00:00Z"}},
  {"model": "cars.car", "pk": 65, "fields": {"model": 7, "generation": 7, "body_type": "SUV", "color": "White", "vin": "JTM10000000000065", "owner_count": 1, "seller": 1, "price": "95000.00", "mileage": 15000, "year": 2023, "description": "Toyota LC 300 Premium. Броня кузова, сигналізація Benish.", "location": "Київ", "is_active": true, "created_at": "2024-05-04T10:00:00Z"}},
  {"model": "cars.car", "pk": 66, "fields": {"model": 7, "generation": 7, "body_type": "SUV", "color": "Black", "vin": "JTM10000000000066", "owner_count": 1, "seller": 1, "price": "105000.00", "mileage": 22000, "year": 2023, "description": "Land Cruiser 300 GR Sport. Сама топова комплектація.", "location": "Львів", "is_active": true, "created_at": "2024-05-05T10:00:00Z"}},
  {"model": "cars.car", "pk": 67, "fields": {"model": 7, "generation": 7, "body_type": "SUV", "color": "Grey", "vin": "JTM10000000000067", "owner_count": 2, "seller": 1, "price": "85000.00", "mileage": 45000, "year": 2022, "description": "Дизель 3.3. Економний та тяговитий. Без підкрасів.", "location": "Одеса", "is_active": true, "created_at": "2024-05-06T10:00:00Z"}},
  {"model": "cars.car", "pk": 68, "fields": {"model": 7, "generation": 7, "body_type": "SUV", "color": "Silver", "vin": "JTM10000000000068", "owner_count": 1, "seller": 1, "price": "89000.00", "mileage": 31000, "year": 2022, "description": "Офіційна машина, пройдено всі ТО на Тойота Центр.", "location": "Київ", "is_active": true, "created_at": "2024-05-07T10:00:00Z"}},
  {"model": "cars.car", "pk": 69, "fields": {"model": 7, "generation": 7, "body_type": "SUV", "color": "Black", "vin": "JTM10000000000069", "owner_count": 2, "seller": 1, "price": "82000.00", "mileage": 58000, "year": 2021, "description": "Перші партії 300-ки. Повністю обслужена.", "location": "Львів", "is_active": true, "created_at": "2024-05-08T10:00:00Z"}},
  {"model": "cars.car", "pk": 70, "fields": {"model": 7, "generation": 7, "body_type": "SUV", "color": "White", "vin": "JTM10000000000070", "owner_count": 1, "seller": 1, "price": "98000.00", "mileage": 12000, "year": 2023, "description": "7 місць. Купували для сім'ї, стан ідеал.", "location": "Дніпро", "is_active": true, "created_at": "2024-05-09T10:00:00Z"}},
  {"model": "cars.car", "pk": 71, "fields": {"model": 7, "generation": 7, "body_type": "SUV", "color": "Black", "vin": "JTM10000000000071", "owner_count": 1, "seller": 1, "price": "101000.00", "mileage": 18000, "year": 2023, "description": "Бензин. Тонована по колу.", "location": "Київ", "is_active": true, "created_at": "2024-05-10T10:00:00Z"}},
  {"model": "cars.car", "pk": 72, "fields": {"model": 7, "generation": 7, "body_type": "SUV", "color": "Grey", "vin": "JTM10000000000072", "owner_count": 1, "seller": 1, "price": "93000.00", "mileage": 25000, "year": 2022, "description": "Світлий салон. Всі деталі в броні.", "location": "Львів", "is_active": true, "created_at": "2024-05-11T10:00:00Z"}},
  {"model": "cars.car", "pk": 73, "fields": {"model": 7, "generation": 7, "body_type": "SUV", "color": "Silver", "vin": "JTM10000000000073", "owner_count": 2, "seller": 1, "price": "84000.00", "mileage": 42000, "year": 2021, "description": "Куплена у офіційного дилера Тойота. Сервісна книга.", "location": "Одеса", "is_active": true, "created_at": "2024-05-12T10:00:00Z"}},
  {"model": "cars.car", "pk": 74, "fields": {"model": 7, "generation": 7, "body_type": "SUV", "color": "Black", "vin": "JTM10000000000074", "owner_count": 1, "seller": 1, "price": "106000.00", "mileage": 11000, "year": 2024, "description": "Абсолютно нова, тільки після обкатки.", "location": "Київ", "is_active": true, "created_at": "2024-05-13T10:00:00Z"}},
  {"model": "cars.car", "pk": 75, "fields": {"model": 8, "generation": 8, "body_type": "Sedan", "color": "Grey", "vin": "WBS10000000000075", "owner_count": 1, "seller": 1, "price": "85000.00", "mileage": 22000, "year": 2022, "description": "BMW M3 G80 xDrive. Повний стік. Проекція на лобове.", "location": "Львів", "is_active": true, "created_at": "2024-05-14T10:00:00Z"}},
  {"model": "cars.car", "pk": 76, "fields": {"model": 8, "generation": 8, "body_type": "Sedan", "color": "Grey", "vin": "WBS10000000000076", "owner_count": 2, "seller": 1, "price": "79000.00", "mileage": 35000, "year": 2021, "description": "M3 Competition. Лазерні фари. Жодних вкладень.", "location": "Київ", "is_active": true, "created_at": "2024-05-15T10:00:00Z"}},
  {"model": "cars.car", "pk": 77, "fields": {"model": 8, "generation": 8, "body_type": "Sedan", "color": "Black", "vin": "WBS10000000000077", "owner_count": 1, "seller": 1, "price": "92000.00", "mileage": 12000, "year": 2023, "description": "Майже нова M3. Затягнута в матову поліуретанову плівку.", "location": "Одеса", "is_active": true, "created_at": "2024-05-16T10:00:00Z"}},
  {"model": "cars.car", "pk": 78, "fields": {"model": 8, "generation": 8, "body_type": "Sedan", "color": "Blue", "vin": "WBS10000000000078", "owner_count": 1, "seller": 1, "price": "87000.00", "mileage": 25000, "year": 2022, "description": "Офіційний автомобіль з АВТ Баварія. На гарантії.", "location": "Львів", "is_active": true, "created_at": "2024-05-17T10:00:00Z"}},
  {"model": "cars.car", "pk": 79, "fields": {"model": 8, "generation": 8, "body_type": "Sedan", "color": "Yellow", "vin": "WBS10000000000079", "owner_count": 2, "seller": 1, "price": "76000.00", "mileage": 41000, "year": 2021, "description": "M3 RWD (задній привід). Для справжніх фанатів.", "location": "Дніпро", "is_active": true, "created_at": "2024-05-18T10:00:00Z"}},
  {"model": "cars.car", "pk": 80, "fields": {"model": 8, "generation": 8, "body_type": "Sedan", "color": "White", "vin": "WBS10000000000080", "owner_count": 1, "seller": 1, "price": "83000.00", "mileage": 28000, "year": 2022, "description": "Карбоновий дах, карбон в салоні. Без ДТП.", "location": "Київ", "is_active": true, "created_at": "2024-05-19T10:00:00Z"}},
  {"model": "cars.car", "pk": 81, "fields": {"model": 8, "generation": 8, "body_type": "Sedan", "color": "Red", "vin": "WBS10000000000081", "owner_count": 3, "seller": 1, "price": "71000.00", "mileage": 55000, "year": 2021, "description": "США. Була бита в крило, все замінено на оригінал.", "location": "Львів", "is_active": true, "created_at": "2024-05-20T10:00:00Z"}},
  {"model": "cars.car", "pk": 82, "fields": {"model": 8, "generation": 8, "body_type": "Sedan", "color": "Blue", "vin": "WBS10000000000082", "owner_count": 1, "seller": 1, "price": "96000.00", "mileage": 14000, "year": 2023, "description": "Матовий колір Individual. Стан ідеал. Карбонові ковші.", "location": "Київ", "is_active": true, "created_at": "2024-05-21T10:00:00Z"}},
  {"model": "cars.car", "pk": 83, "fields": {"model": 8, "generation": 8, "body_type": "Sedan", "color": "Grey", "vin": "WBS10000000000083", "owner_count": 1, "seller": 1, "price": "89000.00", "mileage": 19000, "year": 2022, "description": "Тільки пройдено планове ТО. Ніяких проблем.", "location": "Одеса", "is_active": true, "created_at": "2024-05-22T10:00:00Z"}},
  {"model": "cars.car", "pk": 84, "fields": {"model": 8, "generation": 8, "body_type": "Wagon", "color": "Black", "vin": "WBS10000000000084", "owner_count": 1, "seller": 1, "price": "105000.00", "mileage": 8000, "year": 2023, "description": "M3 Touring! Дуже рідкісна машина в Україні.", "location": "Львів", "is_active": true, "created_at": "2024-05-23T10:00:00Z"}},
  {"model": "cars.car", "pk": 85, "fields": {"model": 9, "generation": 9, "body_type": "SUV", "color": "Black", "vin": "WDC10000000000085", "owner_count": 1, "seller": 1, "price": "165000.00", "mileage": 32000, "year": 2021, "description": "G63 AMG. Кубик в ідеалі. Встановлено обвіс Brabus.", "location": "Київ", "is_active": true, "created_at": "2024-05-24T10:00:00Z"}},
  {"model": "cars.car", "pk": 86, "fields": {"model": 9, "generation": 9, "body_type": "SUV", "color": "White", "vin": "WDC10000000000086", "owner_count": 2, "seller": 1, "price": "145000.00", "mileage": 55000, "year": 2019, "description": "G63 AMG. Салон Designo, червона шкіра.", "location": "Львів", "is_active": true, "created_at": "2024-05-25T10:00:00Z"}},
  {"model": "cars.car", "pk": 87, "fields": {"model": 9, "generation": 9, "body_type": "SUV", "color": "Grey", "vin": "WDC10000000000087", "owner_count": 1, "seller": 1, "price": "180000.00", "mileage": 12000, "year": 2022, "description": "Стан нового. Жодного підкрасу.", "location": "Одеса", "is_active": true, "created_at": "2024-05-26T10:00:00Z"}},
  {"model": "cars.car", "pk": 88, "fields": {"model": 9, "generation": 9, "body_type": "SUV", "color": "Black", "vin": "WDC10000000000088", "owner_count": 3, "seller": 1, "price": "135000.00", "mileage": 78000, "year": 2018, "description": "Перший рік в новому кузові. Обслужений.", "location": "Дніпро", "is_active": true, "created_at": "2024-05-27T10:00:00Z"}},
  {"model": "cars.car", "pk": 89, "fields": {"model": 10, "generation": 10, "body_type": "SUV", "color": "Black", "vin": "WVG10000000000089", "owner_count": 2, "seller": 1, "price": "52000.00", "mileage": 75000, "year": 2019, "description": "Touareg 3.0 TDI R-Line. Найпопулярніший дизель.", "location": "Київ", "is_active": true, "created_at": "2024-05-28T10:00:00Z"}},
  {"model": "cars.car", "pk": 90, "fields": {"model": 10, "generation": 10, "body_type": "SUV", "color": "White", "vin": "WVG10000000000090", "owner_count": 1, "seller": 1, "price": "64000.00", "mileage": 42000, "year": 2021, "description": "Офіціал. R-Line Black Style. Пневма.", "location": "Львів", "is_active": true, "created_at": "2024-05-29T10:00:00Z"}},
  {"model": "cars.car", "pk": 91, "fields": {"model": 10, "generation": 10, "body_type": "SUV", "color": "Grey", "vin": "WVG10000000000091", "owner_count": 1, "seller": 1, "price": "71000.00", "mileage": 25000, "year": 2022, "description": "Купувалась на Порше Захід. Жодних сколів.", "location": "Київ", "is_active": true, "created_at": "2024-05-30T10:00:00Z"}},
  {"model": "cars.car", "pk": 92, "fields": {"model": 11, "generation": 11, "body_type": "SUV", "color": "White", "vin": "JTH10000000000092", "owner_count": 1, "seller": 1, "price": "42000.00", "mileage": 68000, "year": 2020, "description": "Lexus RX 350. М'яка та надійна машина. F-Sport.", "location": "Київ", "is_active": true, "created_at": "2024-05-31T10:00:00Z"}},
  {"model": "cars.car", "pk": 93, "fields": {"model": 11, "generation": 11, "body_type": "SUV", "color": "Black", "vin": "JTH10000000000093", "owner_count": 2, "seller": 1, "price": "38000.00", "mileage": 85000, "year": 2019, "description": "Комплектація Luxury. Панорама.", "location": "Львів", "is_active": true, "created_at": "2024-06-01T10:00:00Z"}},
  {"model": "cars.car", "pk": 94, "fields": {"model": 11, "generation": 11, "body_type": "SUV", "color": "Red", "vin": "JTH10000000000094", "owner_count": 1, "seller": 1, "price": "45000.00", "mileage": 40000, "year": 2021, "description": "Офіційна машина, вся історія на Лексус Центр.", "location": "Одеса", "is_active": true, "created_at": "2024-06-02T10:00:00Z"}},
  {"model": "cars.car", "pk": 95, "fields": {"model": 12, "generation": 12, "body_type": "Coupe", "color": "Red", "vin": "1FA10000000000095", "owner_count": 1, "seller": 1, "price": "35000.00", "mileage": 41000, "year": 2019, "description": "Mustang GT 5.0 V8. Правильний звук. З США.", "location": "Київ", "is_active": true, "created_at": "2024-06-03T10:00:00Z"}},
  {"model": "cars.car", "pk": 96, "fields": {"model": 12, "generation": 12, "body_type": "Coupe", "color": "Blue", "vin": "1FA10000000000096", "owner_count": 2, "seller": 1, "price": "32000.00", "mileage": 55000, "year": 2018, "description": "Доопрацьований вихлоп, машина валить.", "location": "Львів", "is_active": true, "created_at": "2024-06-04T10:00:00Z"}},
  {"model": "cars.car", "pk": 97, "fields": {"model": 13, "generation": 13, "body_type": "Sedan", "color": "Blue", "vin": "JF110000000000097", "owner_count": 2, "seller": 1, "price": "28500.00", "mileage": 92000, "year": 2017, "description": "WRX STI. Ковані диски, турбіна дує стабільно.", "location": "Львів", "is_active": true, "created_at": "2024-06-05T10:00:00Z"}},
  {"model": "cars.car", "pk": 98, "fields": {"model": 13, "generation": 13, "body_type": "Sedan", "color": "White", "vin": "JF110000000000098", "owner_count": 3, "seller": 1, "price": "25000.00", "mileage": 110000, "year": 2016, "description": "Повністю обслужена суба. Готова до зими.", "location": "Київ", "is_active": true, "created_at": "2024-06-06T10:00:00Z"}},
  {"model": "cars.car", "pk": 99, "fields": {"model": 14, "generation": 14, "body_type": "Hatchback", "color": "White", "vin": "JHM10000000000099", "owner_count": 1, "seller": 1, "price": "45000.00", "mileage": 15000, "year": 2023, "description": "Civic Type R FL5. Офіційна, на гарантії.", "location": "Київ", "is_active": true, "created_at": "2024-06-07T10:00:00Z"}},
  {"model": "cars.car", "pk": 100, "fields": {"model": 15, "generation": 15, "body_type": "SUV", "color": "Orange", "vin": "WAU10000000000100", "owner_count": 1, "seller": 1, "price": "78000.00", "mileage": 32000, "year": 2021, "description": "Audi Q8 S-Line. Пневма, топові матричні фари.", "location": "Львів", "is_active": true, "created_at": "2024-06-08T10:00:00Z"}},

  {"model": "cars.carimage", "pk": 1, "fields": {"car": 1, "image": "https://loremflickr.com/800/600/bmw,m4?lock=1"}},
  {"model": "cars.carimage", "pk": 2, "fields": {"car": 1, "image": "https://loremflickr.com/800/600/bmw,m4?lock=2"}},
  {"model": "cars.carimage", "pk": 3, "fields": {"car": 2, "image": "https://loremflickr.com/800/600/bmw,m4?lock=3"}},
  {"model": "cars.carimage", "pk": 4, "fields": {"car": 2, "image": "https://loremflickr.com/800/600/bmw,m4?lock=4"}},
  {"model": "cars.carimage", "pk": 5, "fields": {"car": 3, "image": "https://loremflickr.com/800/600/bmw,m4?lock=5"}},
  {"model": "cars.carimage", "pk": 6, "fields": {"car": 3, "image": "https://loremflickr.com/800/600/bmw,m4?lock=6"}},
  {"model": "cars.carimage", "pk": 7, "fields": {"car": 4, "image": "https://loremflickr.com/800/600/bmw,m4?lock=7"}},
  {"model": "cars.carimage", "pk": 8, "fields": {"car": 5, "image": "https://loremflickr.com/800/600/bmw,m4?lock=8"}},
  {"model": "cars.carimage", "pk": 9, "fields": {"car": 6, "image": "https://loremflickr.com/800/600/bmw,m4?lock=9"}},
  {"model": "cars.carimage", "pk": 10, "fields": {"car": 7, "image": "https://loremflickr.com/800/600/bmw,m4?lock=10"}},
  {"model": "cars.carimage", "pk": 11, "fields": {"car": 8, "image": "https://loremflickr.com/800/600/bmw,m4?lock=11"}},
  {"model": "cars.carimage", "pk": 12, "fields": {"car": 9, "image": "https://loremflickr.com/800/600/bmw,m4?lock=12"}},
  {"model": "cars.carimage", "pk": 13, "fields": {"car": 10, "image": "https://loremflickr.com/800/600/bmw,m4?lock=13"}},
  {"model": "cars.carimage", "pk": 14, "fields": {"car": 11, "image": "https://loremflickr.com/800/600/bmw,m4?lock=14"}},
  {"model": "cars.carimage", "pk": 15, "fields": {"car": 12, "image": "https://loremflickr.com/800/600/bmw,m4?lock=15"}},
  {"model": "cars.carimage", "pk": 16, "fields": {"car": 13, "image": "https://loremflickr.com/800/600/bmw,m5?lock=16"}},
  {"model": "cars.carimage", "pk": 17, "fields": {"car": 13, "image": "https://loremflickr.com/800/600/bmw,m5?lock=17"}},
  {"model": "cars.carimage", "pk": 18, "fields": {"car": 14, "image": "https://loremflickr.com/800/600/bmw,m5?lock=18"}},
  {"model": "cars.carimage", "pk": 19, "fields": {"car": 14, "image": "https://loremflickr.com/800/600/bmw,m5?lock=19"}},
  {"model": "cars.carimage", "pk": 20, "fields": {"car": 15, "image": "https://loremflickr.com/800/600/bmw,m5?lock=20"}},
  {"model": "cars.carimage", "pk": 21, "fields": {"car": 15, "image": "https://loremflickr.com/800/600/bmw,m5?lock=21"}},
  {"model": "cars.carimage", "pk": 22, "fields": {"car": 16, "image": "https://loremflickr.com/800/600/bmw,m5?lock=22"}},
  {"model": "cars.carimage", "pk": 23, "fields": {"car": 17, "image": "https://loremflickr.com/800/600/bmw,m5?lock=23"}},
  {"model": "cars.carimage", "pk": 24, "fields": {"car": 18, "image": "https://loremflickr.com/800/600/bmw,m5?lock=24"}},
  {"model": "cars.carimage", "pk": 25, "fields": {"car": 19, "image": "https://loremflickr.com/800/600/bmw,m5?lock=25"}},
  {"model": "cars.carimage", "pk": 26, "fields": {"car": 20, "image": "https://loremflickr.com/800/600/bmw,m5?lock=26"}},
  {"model": "cars.carimage", "pk": 27, "fields": {"car": 21, "image": "https://loremflickr.com/800/600/bmw,m5?lock=27"}},
  {"model": "cars.carimage", "pk": 28, "fields": {"car": 22, "image": "https://loremflickr.com/800/600/bmw,m5?lock=28"}},
  {"model": "cars.carimage", "pk": 29, "fields": {"car": 23, "image": "https://loremflickr.com/800/600/bmw,m5?lock=29"}},
  {"model": "cars.carimage", "pk": 30, "fields": {"car": 24, "image": "https://loremflickr.com/800/600/bmw,m5?lock=30"}},
  {"model": "cars.carimage", "pk": 31, "fields": {"car": 25, "image": "https://loremflickr.com/800/600/mercedes,amg?lock=31"}},
  {"model": "cars.carimage", "pk": 32, "fields": {"car": 25, "image": "https://loremflickr.com/800/600/mercedes,amg?lock=32"}},
  {"model": "cars.carimage", "pk": 33, "fields": {"car": 26, "image": "https://loremflickr.com/800/600/mercedes,amg?lock=33"}},
  {"model": "cars.carimage", "pk": 34, "fields": {"car": 26, "image": "https://loremflickr.com/800/600/mercedes,amg?lock=34"}},
  {"model": "cars.carimage", "pk": 35, "fields": {"car": 27, "image": "https://loremflickr.com/800/600/mercedes,amg?lock=35"}},
  {"model": "cars.carimage", "pk": 36, "fields": {"car": 27, "image": "https://loremflickr.com/800/600/mercedes,amg?lock=36"}},
  {"model": "cars.carimage", "pk": 37, "fields": {"car": 28, "image": "https://loremflickr.com/800/600/mercedes,amg?lock=37"}},
  {"model": "cars.carimage", "pk": 38, "fields": {"car": 29, "image": "https://loremflickr.com/800/600/mercedes,amg?lock=38"}},
  {"model": "cars.carimage", "pk": 39, "fields": {"car": 30, "image": "https://loremflickr.com/800/600/mercedes,amg?lock=39"}},
  {"model": "cars.carimage", "pk": 40, "fields": {"car": 31, "image": "https://loremflickr.com/800/600/mercedes,amg?lock=40"}},
  {"model": "cars.carimage", "pk": 41, "fields": {"car": 32, "image": "https://loremflickr.com/800/600/mercedes,amg?lock=41"}},
  {"model": "cars.carimage", "pk": 42, "fields": {"car": 33, "image": "https://loremflickr.com/800/600/mercedes,amg?lock=42"}},
  {"model": "cars.carimage", "pk": 43, "fields": {"car": 34, "image": "https://loremflickr.com/800/600/mercedes,amg?lock=43"}},
  {"model": "cars.carimage", "pk": 44, "fields": {"car": 35, "image": "https://loremflickr.com/800/600/audi,rs6?lock=44"}},
  {"model": "cars.carimage", "pk": 45, "fields": {"car": 35, "image": "https://loremflickr.com/800/600/audi,rs6?lock=45"}},
  {"model": "cars.carimage", "pk": 46, "fields": {"car": 36, "image": "https://loremflickr.com/800/600/audi,rs6?lock=46"}},
  {"model": "cars.carimage", "pk": 47, "fields": {"car": 36, "image": "https://loremflickr.com/800/600/audi,rs6?lock=47"}},
  {"model": "cars.carimage", "pk": 48, "fields": {"car": 37, "image": "https://loremflickr.com/800/600/audi,rs6?lock=48"}},
  {"model": "cars.carimage", "pk": 49, "fields": {"car": 37, "image": "https://loremflickr.com/800/600/audi,rs6?lock=49"}},
  {"model": "cars.carimage", "pk": 50, "fields": {"car": 38, "image": "https://loremflickr.com/800/600/audi,rs6?lock=50"}},
  {"model": "cars.carimage", "pk": 51, "fields": {"car": 39, "image": "https://loremflickr.com/800/600/audi,rs6?lock=51"}},
  {"model": "cars.carimage", "pk": 52, "fields": {"car": 40, "image": "https://loremflickr.com/800/600/audi,rs6?lock=52"}},
  {"model": "cars.carimage", "pk": 53, "fields": {"car": 41, "image": "https://loremflickr.com/800/600/audi,rs6?lock=53"}},
  {"model": "cars.carimage", "pk": 54, "fields": {"car": 42, "image": "https://loremflickr.com/800/600/audi,rs6?lock=54"}},
  {"model": "cars.carimage", "pk": 55, "fields": {"car": 43, "image": "https://loremflickr.com/800/600/audi,rs6?lock=55"}},
  {"model": "cars.carimage", "pk": 56, "fields": {"car": 44, "image": "https://loremflickr.com/800/600/audi,rs6?lock=56"}},
  {"model": "cars.carimage", "pk": 57, "fields": {"car": 45, "image": "https://loremflickr.com/800/600/porsche,911?lock=57"}},
  {"model": "cars.carimage", "pk": 58, "fields": {"car": 45, "image": "https://loremflickr.com/800/600/porsche,911?lock=58"}},
  {"model": "cars.carimage", "pk": 59, "fields": {"car": 46, "image": "https://loremflickr.com/800/600/porsche,911?lock=59"}},
  {"model": "cars.carimage", "pk": 60, "fields": {"car": 46, "image": "https://loremflickr.com/800/600/porsche,911?lock=60"}},
  {"model": "cars.carimage", "pk": 61, "fields": {"car": 47, "image": "https://loremflickr.com/800/600/porsche,911?lock=61"}},
  {"model": "cars.carimage", "pk": 62, "fields": {"car": 47, "image": "https://loremflickr.com/800/600/porsche,911?lock=62"}},
  {"model": "cars.carimage", "pk": 63, "fields": {"car": 48, "image": "https://loremflickr.com/800/600/porsche,911?lock=63"}},
  {"model": "cars.carimage", "pk": 64, "fields": {"car": 49, "image": "https://loremflickr.com/800/600/porsche,911?lock=64"}},
  {"model": "cars.carimage", "pk": 65, "fields": {"car": 50, "image": "https://loremflickr.com/800/600/porsche,911?lock=65"}},
  {"model": "cars.carimage", "pk": 66, "fields": {"car": 51, "image": "https://loremflickr.com/800/600/porsche,911?lock=66"}},
  {"model": "cars.carimage", "pk": 67, "fields": {"car": 52, "image": "https://loremflickr.com/800/600/porsche,911?lock=67"}},
  {"model": "cars.carimage", "pk": 68, "fields": {"car": 53, "image": "https://loremflickr.com/800/600/porsche,911?lock=68"}},
  {"model": "cars.carimage", "pk": 69, "fields": {"car": 54, "image": "https://loremflickr.com/800/600/porsche,911?lock=69"}},
  {"model": "cars.carimage", "pk": 70, "fields": {"car": 55, "image": "https://loremflickr.com/800/600/porsche,panamera?lock=70"}},
  {"model": "cars.carimage", "pk": 71, "fields": {"car": 55, "image": "https://loremflickr.com/800/600/porsche,panamera?lock=71"}},
  {"model": "cars.carimage", "pk": 72, "fields": {"car": 56, "image": "https://loremflickr.com/800/600/porsche,panamera?lock=72"}},
  {"model": "cars.carimage", "pk": 73, "fields": {"car": 56, "image": "https://loremflickr.com/800/600/porsche,panamera?lock=73"}},
  {"model": "cars.carimage", "pk": 74, "fields": {"car": 57, "image": "https://loremflickr.com/800/600/porsche,panamera?lock=74"}},
  {"model": "cars.carimage", "pk": 75, "fields": {"car": 57, "image": "https://loremflickr.com/800/600/porsche,panamera?lock=75"}},
  {"model": "cars.carimage", "pk": 76, "fields": {"car": 58, "image": "https://loremflickr.com/800/600/porsche,panamera?lock=76"}},
  {"model": "cars.carimage", "pk": 77, "fields": {"car": 59, "image": "https://loremflickr.com/800/600/porsche,panamera?lock=77"}},
  {"model": "cars.carimage", "pk": 78, "fields": {"car": 60, "image": "https://loremflickr.com/800/600/porsche,panamera?lock=78"}},
  {"model": "cars.carimage", "pk": 79, "fields": {"car": 61, "image": "https://loremflickr.com/800/600/porsche,panamera?lock=79"}},
  {"model": "cars.carimage", "pk": 80, "fields": {"car": 62, "image": "https://loremflickr.com/800/600/porsche,panamera?lock=80"}},
  {"model": "cars.carimage", "pk": 81, "fields": {"car": 63, "image": "https://loremflickr.com/800/600/porsche,panamera?lock=81"}},
  {"model": "cars.carimage", "pk": 82, "fields": {"car": 64, "image": "https://loremflickr.com/800/600/porsche,panamera?lock=82"}},
  {"model": "cars.carimage", "pk": 83, "fields": {"car": 65, "image": "https://loremflickr.com/800/600/toyota,landcruiser?lock=83"}},
  {"model": "cars.carimage", "pk": 84, "fields": {"car": 65, "image": "https://loremflickr.com/800/600/toyota,landcruiser?lock=84"}},
  {"model": "cars.carimage", "pk": 85, "fields": {"car": 66, "image": "https://loremflickr.com/800/600/toyota,landcruiser?lock=85"}},
  {"model": "cars.carimage", "pk": 86, "fields": {"car": 66, "image": "https://loremflickr.com/800/600/toyota,landcruiser?lock=86"}},
  {"model": "cars.carimage", "pk": 87, "fields": {"car": 67, "image": "https://loremflickr.com/800/600/toyota,landcruiser?lock=87"}},
  {"model": "cars.carimage", "pk": 88, "fields": {"car": 67, "image": "https://loremflickr.com/800/600/toyota,landcruiser?lock=88"}},
  {"model": "cars.carimage", "pk": 89, "fields": {"car": 68, "image": "https://loremflickr.com/800/600/toyota,landcruiser?lock=89"}},
  {"model": "cars.carimage", "pk": 90, "fields": {"car": 69, "image": "https://loremflickr.com/800/600/toyota,landcruiser?lock=90"}},
  {"model": "cars.carimage", "pk": 91, "fields": {"car": 70, "image": "https://loremflickr.com/800/600/toyota,landcruiser?lock=91"}},
  {"model": "cars.carimage", "pk": 92, "fields": {"car": 71, "image": "https://loremflickr.com/800/600/toyota,landcruiser?lock=92"}},
  {"model": "cars.carimage", "pk": 93, "fields": {"car": 72, "image": "https://loremflickr.com/800/600/toyota,landcruiser?lock=93"}},
  {"model": "cars.carimage", "pk": 94, "fields": {"car": 73, "image": "https://loremflickr.com/800/600/toyota,landcruiser?lock=94"}},
  {"model": "cars.carimage", "pk": 95, "fields": {"car": 74, "image": "https://loremflickr.com/800/600/toyota,landcruiser?lock=95"}},
  {"model": "cars.carimage", "pk": 96, "fields": {"car": 75, "image": "https://loremflickr.com/800/600/bmw,m3?lock=96"}},
  {"model": "cars.carimage", "pk": 97, "fields": {"car": 75, "image": "https://loremflickr.com/800/600/bmw,m3?lock=97"}},
  {"model": "cars.carimage", "pk": 98, "fields": {"car": 76, "image": "https://loremflickr.com/800/600/bmw,m3?lock=98"}},
  {"model": "cars.carimage", "pk": 99, "fields": {"car": 76, "image": "https://loremflickr.com/800/600/bmw,m3?lock=99"}},
  {"model": "cars.carimage", "pk": 100, "fields": {"car": 77, "image": "https://loremflickr.com/800/600/bmw,m3?lock=100"}},
  {"model": "cars.carimage", "pk": 101, "fields": {"car": 77, "image": "https://loremflickr.com/800/600/bmw,m3?lock=101"}},
  {"model": "cars.carimage", "pk": 102, "fields": {"car": 78, "image": "https://loremflickr.com/800/600/bmw,m3?lock=102"}},
  {"model": "cars.carimage", "pk": 103, "fields": {"car": 79, "image": "https://loremflickr.com/800/600/bmw,m3?lock=103"}},
  {"model": "cars.carimage", "pk": 104, "fields": {"car": 80, "image": "https://loremflickr.com/800/600/bmw,m3?lock=104"}},
  {"model": "cars.carimage", "pk": 105, "fields": {"car": 81, "image": "https://loremflickr.com/800/600/bmw,m3?lock=105"}},
  {"model": "cars.carimage", "pk": 106, "fields": {"car": 82, "image": "https://loremflickr.com/800/600/bmw,m3?lock=106"}},
  {"model": "cars.carimage", "pk": 107, "fields": {"car": 83, "image": "https://loremflickr.com/800/600/bmw,m3?lock=107"}},
  {"model": "cars.carimage", "pk": 108, "fields": {"car": 84, "image": "https://loremflickr.com/800/600/bmw,m3?lock=108"}},
  {"model": "cars.carimage", "pk": 109, "fields": {"car": 85, "image": "https://loremflickr.com/800/600/mercedes,gclass?lock=109"}},
  {"model": "cars.carimage", "pk": 110, "fields": {"car": 85, "image": "https://loremflickr.com/800/600/mercedes,gclass?lock=110"}},
  {"model": "cars.carimage", "pk": 111, "fields": {"car": 86, "image": "https://loremflickr.com/800/600/mercedes,gclass?lock=111"}},
  {"model": "cars.carimage", "pk": 112, "fields": {"car": 86, "image": "https://loremflickr.com/800/600/mercedes,gclass?lock=112"}},
  {"model": "cars.carimage", "pk": 113, "fields": {"car": 87, "image": "https://loremflickr.com/800/600/mercedes,gclass?lock=113"}},
  {"model": "cars.carimage", "pk": 114, "fields": {"car": 88, "image": "https://loremflickr.com/800/600/mercedes,gclass?lock=114"}},
  {"model": "cars.carimage", "pk": 115, "fields": {"car": 89, "image": "https://loremflickr.com/800/600/vw,touareg?lock=115"}},
  {"model": "cars.carimage", "pk": 116, "fields": {"car": 89, "image": "https://loremflickr.com/800/600/vw,touareg?lock=116"}},
  {"model": "cars.carimage", "pk": 117, "fields": {"car": 90, "image": "https://loremflickr.com/800/600/vw,touareg?lock=117"}},
  {"model": "cars.carimage", "pk": 118, "fields": {"car": 91, "image": "https://loremflickr.com/800/600/vw,touareg?lock=118"}},
  {"model": "cars.carimage", "pk": 119, "fields": {"car": 92, "image": "https://loremflickr.com/800/600/lexus,rx?lock=119"}},
  {"model": "cars.carimage", "pk": 120, "fields": {"car": 92, "image": "https://loremflickr.com/800/600/lexus,rx?lock=120"}},
  {"model": "cars.carimage", "pk": 121, "fields": {"car": 93, "image": "https://loremflickr.com/800/600/lexus,rx?lock=121"}},
  {"model": "cars.carimage", "pk": 122, "fields": {"car": 94, "image": "https://loremflickr.com/800/600/lexus,rx?lock=122"}},
  {"model": "cars.carimage", "pk": 123, "fields": {"car": 95, "image": "https://loremflickr.com/800/600/ford,mustang?lock=123"}},
  {"model": "cars.carimage", "pk": 124, "fields": {"car": 95, "image": "https://loremflickr.com/800/600/ford,mustang?lock=124"}},
  {"model": "cars.carimage", "pk": 125, "fields": {"car": 96, "image": "https://loremflickr.com/800/600/ford,mustang?lock=125"}},
  {"model": "cars.carimage", "pk": 126, "fields": {"car": 97, "image": "https://loremflickr.com/800/600/subaru,wrx?lock=126"}},
  {"model": "cars.carimage", "pk": 127, "fields": {"car": 97, "image": "https://loremflickr.com/800/600/subaru,wrx?lock=127"}},
  {"model": "cars.carimage", "pk": 128, "fields": {"car": 98, "image": "https://loremflickr.com/800/600/subaru,wrx?lock=128"}},
  {"model": "cars.carimage", "pk": 129, "fields": {"car": 99, "image": "https://loremflickr.com/800/600/honda,civic?lock=129"}},
  {"model": "cars.carimage", "pk": 130, "fields": {"car": 99, "image": "https://loremflickr.com/800/600/honda,civic?lock=130"}},
  {"model": "cars.carimage", "pk": 131, "fields": {"car": 100, "image": "https://loremflickr.com/800/600/audi,q8?lock=131"}},
  {"model": "cars.carimage", "pk": 132, "fields": {"car": 100, "image": "https://loremflickr.com/800/600/audi,q8?lock=132"}},

  {"model": "cars.pricehistory", "pk": 1, "fields": {"car": 1, "price": "96000.00", "created_at": "2023-11-15T10:00:00Z"}},
  {"model": "cars.pricehistory", "pk": 2, "fields": {"car": 1, "price": "94500.00", "created_at": "2024-01-10T10:00:00Z"}},
  {"model": "cars.pricehistory", "pk": 3, "fields": {"car": 2, "price": "89000.00", "created_at": "2023-10-05T10:00:00Z"}},
  {"model": "cars.pricehistory", "pk": 4, "fields": {"car": 2, "price": "87000.00", "created_at": "2024-01-05T10:00:00Z"}},
  {"model": "cars.pricehistory", "pk": 5, "fields": {"car": 3, "price": "91000.00", "created_at": "2024-01-15T10:00:00Z"}},
  {"model": "cars.pricehistory", "pk": 6, "fields": {"car": 3, "price": "90000.00", "created_at": "2024-02-15T10:00:00Z"}},
  {"model": "cars.pricehistory", "pk": 7, "fields": {"car": 4, "price": "92000.00", "created_at": "2023-12-10T10:00:00Z"}},
  {"model": "cars.pricehistory", "pk": 8, "fields": {"car": 4, "price": "90000.00", "created_at": "2024-02-01T10:00:00Z"}},
  {"model": "cars.pricehistory", "pk": 9, "fields": {"car": 5, "price": "84000.00", "created_at": "2023-11-20T10:00:00Z"}},
  {"model": "cars.pricehistory", "pk": 10, "fields": {"car": 5, "price": "82000.00", "created_at": "2024-01-10T10:00:00Z"}},
  {"model": "cars.pricehistory", "pk": 11, "fields": {"car": 6, "price": "98000.00", "created_at": "2023-12-05T10:00:00Z"}},
  {"model": "cars.pricehistory", "pk": 12, "fields": {"car": 6, "price": "96500.00", "created_at": "2024-02-05T10:00:00Z"}},
  {"model": "cars.pricehistory", "pk": 13, "fields": {"car": 7, "price": "90000.00", "created_at": "2023-10-15T10:00:00Z"}},
  {"model": "cars.pricehistory", "pk": 14, "fields": {"car": 7, "price": "88500.00", "created_at": "2024-01-15T10:00:00Z"}},
  {"model": "cars.pricehistory", "pk": 15, "fields": {"car": 8, "price": "82000.00", "created_at": "2023-11-25T10:00:00Z"}},
  {"model": "cars.pricehistory", "pk": 16, "fields": {"car": 8, "price": "80000.00", "created_at": "2024-02-10T10:00:00Z"}},
  {"model": "cars.pricehistory", "pk": 17, "fields": {"car": 9, "price": "95000.00", "created_at": "2023-12-20T10:00:00Z"}},
  {"model": "cars.pricehistory", "pk": 18, "fields": {"car": 9, "price": "93000.00", "created_at": "2024-02-20T10:00:00Z"}},
  {"model": "cars.pricehistory", "pk": 19, "fields": {"car": 10, "price": "97000.00", "created_at": "2023-11-01T10:00:00Z"}},
  {"model": "cars.pricehistory", "pk": 20, "fields": {"car": 10, "price": "95500.00", "created_at": "2024-01-20T10:00:00Z"}},
  {"model": "cars.pricehistory", "pk": 21, "fields": {"car": 11, "price": "86000.00", "created_at": "2023-10-10T10:00:00Z"}},
  {"model": "cars.pricehistory", "pk": 22, "fields": {"car": 11, "price": "84500.00", "created_at": "2024-01-12T10:00:00Z"}},
  {"model": "cars.pricehistory", "pk": 23, "fields": {"car": 12, "price": "92000.00", "created_at": "2023-12-02T10:00:00Z"}},
  {"model": "cars.pricehistory", "pk": 24, "fields": {"car": 12, "price": "90500.00", "created_at": "2024-02-18T10:00:00Z"}},
  {"model": "cars.pricehistory", "pk": 25, "fields": {"car": 13, "price": "82000.00", "created_at": "2023-11-18T10:00:00Z"}},
  {"model": "cars.pricehistory", "pk": 26, "fields": {"car": 13, "price": "80000.00", "created_at": "2024-01-25T10:00:00Z"}},
  {"model": "cars.pricehistory", "pk": 27, "fields": {"car": 14, "price": "98000.00", "created_at": "2023-12-15T10:00:00Z"}},
  {"model": "cars.pricehistory", "pk": 28, "fields": {"car": 14, "price": "96500.00", "created_at": "2024-02-25T10:00:00Z"}},
  {"model": "cars.pricehistory", "pk": 29, "fields": {"car": 15, "price": "71000.00", "created_at": "2023-10-22T10:00:00Z"}},
  {"model": "cars.pricehistory", "pk": 30, "fields": {"car": 15, "price": "69500.00", "created_at": "2024-01-28T10:00:00Z"}},
  {"model": "cars.pricehistory", "pk": 31, "fields": {"car": 16, "price": "92000.00", "created_at": "2023-11-10T10:00:00Z"}},
  {"model": "cars.pricehistory", "pk": 32, "fields": {"car": 16, "price": "90000.00", "created_at": "2024-02-10T10:00:00Z"}},
  {"model": "cars.pricehistory", "pk": 33, "fields": {"car": 17, "price": "108000.00", "created_at": "2023-12-22T10:00:00Z"}},
  {"model": "cars.pricehistory", "pk": 34, "fields": {"car": 17, "price": "106500.00", "created_at": "2024-02-28T10:00:00Z"}},
  {"model": "cars.pricehistory", "pk": 35, "fields": {"car": 18, "price": "78000.00", "created_at": "2023-10-30T10:00:00Z"}},
  {"model": "cars.pricehistory", "pk": 36, "fields": {"car": 18, "price": "76500.00", "created_at": "2024-01-30T10:00:00Z"}},
  {"model": "cars.pricehistory", "pk": 37, "fields": {"car": 19, "price": "65000.00", "created_at": "2023-11-05T10:00:00Z"}},
  {"model": "cars.pricehistory", "pk": 38, "fields": {"car": 19, "price": "63500.00", "created_at": "2024-01-15T10:00:00Z"}},
  {"model": "cars.pricehistory", "pk": 39, "fields": {"car": 20, "price": "95000.00", "created_at": "2023-12-08T10:00:00Z"}},
  {"model": "cars.pricehistory", "pk": 40, "fields": {"car": 20, "price": "93500.00", "created_at": "2024-02-18T10:00:00Z"}}
]