[
  {"model": "cars.manufacturer", "pk": 1, "fields": {"name": "BMW"}},
  {"model": "cars.manufacturer", "pk": 2, "fields": {"name": "Mercedes-Benz"}},
  {"model": "cars.manufacturer", "pk": 3, "fields": {"name": "Audi"}},
  {"model": "cars.manufacturer", "pk": 4, "fields": {"name": "Volkswagen"}},
  {"model": "cars.manufacturer", "pk": 5, "fields": {"name": "Toyota"}},
  {"model": "cars.manufacturer", "pk": 6, "fields": {"name": "Honda"}},

  {"model": "cars.model", "pk": 1, "fields": {"name": "3 Series", "manufacturer": 1}},
  {"model": "cars.model", "pk": 2, "fields": {"name": "5 Series", "manufacturer": 1}},
  {"model": "cars.model", "pk": 3, "fields": {"name": "X5", "manufacturer": 1}},
  {"model": "cars.model", "pk": 4, "fields": {"name": "C-Class", "manufacturer": 2}},
  {"model": "cars.model", "pk": 5, "fields": {"name": "E-Class", "manufacturer": 2}},
  {"model": "cars.model", "pk": 6, "fields": {"name": "GLE", "manufacturer": 2}},
  {"model": "cars.model", "pk": 7, "fields": {"name": "A4", "manufacturer": 3}},
  {"model": "cars.model", "pk": 8, "fields": {"name": "A6", "manufacturer": 3}},
  {"model": "cars.model", "pk": 9, "fields": {"name": "Q5", "manufacturer": 3}},
  {"model": "cars.model", "pk": 10, "fields": {"name": "Golf", "manufacturer": 4}},
  {"model": "cars.model", "pk": 11, "fields": {"name": "Passat", "manufacturer": 4}},
  {"model": "cars.model", "pk": 12, "fields": {"name": "Tiguan", "manufacturer": 4}},
  {"model": "cars.model", "pk": 13, "fields": {"name": "Camry", "manufacturer": 5}},
  {"model": "cars.model", "pk": 14, "fields": {"name": "RAV4", "manufacturer": 5}},
  {"model": "cars.model", "pk": 15, "fields": {"name": "Civic", "manufacturer": 6}},

  {"model": "cars.generation", "pk": 1,  "fields": {"name": "F30", "year_start": 2012, "year_end": 2018, "model": 1}},
  {"model": "cars.generation", "pk": 2,  "fields": {"name": "G20", "year_start": 2019, "year_end": null, "model": 1}},
  {"model": "cars.generation", "pk": 3,  "fields": {"name": "F10", "year_start": 2010, "year_end": 2017, "model": 2}},
  {"model": "cars.generation", "pk": 4,  "fields": {"name": "G30", "year_start": 2017, "year_end": null, "model": 2}},
  {"model": "cars.generation", "pk": 5,  "fields": {"name": "F15", "year_start": 2014, "year_end": 2018, "model": 3}},
  {"model": "cars.generation", "pk": 6,  "fields": {"name": "G05", "year_start": 2019, "year_end": null, "model": 3}},
  {"model": "cars.generation", "pk": 7,  "fields": {"name": "W205", "year_start": 2014, "year_end": 2021, "model": 4}},
  {"model": "cars.generation", "pk": 8,  "fields": {"name": "W206", "year_start": 2021, "year_end": null, "model": 4}},
  {"model": "cars.generation", "pk": 9,  "fields": {"name": "W213", "year_start": 2016, "year_end": null, "model": 5}},
  {"model": "cars.generation", "pk": 10, "fields": {"name": "W167", "year_start": 2019, "year_end": null, "model": 6}},
  {"model": "cars.generation", "pk": 11, "fields": {"name": "B9", "year_start": 2016, "year_end": null, "model": 7}},
  {"model": "cars.generation", "pk": 12, "fields": {"name": "C8", "year_start": 2018, "year_end": null, "model": 8}},
  {"model": "cars.generation", "pk": 13, "fields": {"name": "FY", "year_start": 2017, "year_end": null, "model": 9}},
  {"model": "cars.generation", "pk": 14, "fields": {"name": "Mk8", "year_start": 2020, "year_end": null, "model": 10}},
  {"model": "cars.generation", "pk": 15, "fields": {"name": "Mk7", "year_start": 2013, "year_end": 2020, "model": 10}},
  {"model": "cars.generation", "pk": 16, "fields": {"name": "B8", "year_start": 2015, "year_end": null, "model": 11}},
  {"model": "cars.generation", "pk": 17, "fields": {"name": "AD1", "year_start": 2016, "year_end": null, "model": 12}},
  {"model": "cars.generation", "pk": 18, "fields": {"name": "XV70", "year_start": 2018, "year_end": null, "model": 13}},
  {"model": "cars.generation", "pk": 19, "fields": {"name": "XA50", "year_start": 2019, "year_end": null, "model": 14}},
  {"model": "cars.generation", "pk": 20, "fields": {"name": "FC1", "year_start": 2022, "year_end": null, "model": 15}}
]